Serial Number,Issue Name,Issue Description,Issue Link (GitHub URL),Expected Duration (hours),Start Date,End Date,Reduction Factor,Adjusted Duration (hours),New End Date
1,"""3. Cashier Details"" Report Pharmacy Accepeted Bills Not Show","""3. Cashier Details"" Report Pharmacy Accepeted Bills Not Show - It Sould be validate Return Point.",https://github.com/hmislk/hmis/issues/14567,8,2025-08-06,2025-08-07,0.125,1.0,2025-08-06 01:00:00
2,A status column is needed to check whether it is a Direct issue or not in Disbursement Receive,A status column is needed to check whether it is a Direct issue or not in Disbursement Receive,https://github.com/hmislk/hmis/issues/14094,6,2025-08-07,2025-08-08,0.1667,1.0,2025-08-07 01:00:00
3,Accept Payment for Pharmacy Bills,Can't refund pharmacy bills (Sale for cashier bills) | Can Accepted the payment in cancel bills (for cashier bills),https://github.com/hmislk/hmis/issues/14568,12,2025-08-08,2025-08-11,0.2,2.4,2025-08-08 02:24:00
4,Amendments Process Change in GRN,Amendments Process Change in GRN,https://github.com/hmislk/hmis/issues/14096,16,2025-08-11,2025-08-14,0.25,4.0,2025-08-11 04:00:00
5,Auto Generate a supplier code,Auto Generate a supplier code,https://github.com/hmislk/hmis/issues/14569,8,2025-08-14,2025-08-15,0.1667,1.33,2025-08-14 01:19:48
6,BHT Issue Request - Issue view If issue More tha requested Qty Need tos show error Message,BHT Issue Request - Issue view If issue More tha requested Qty Need tos show error Message,https://github.com/hmislk/hmis/issues/14570,6,2025-08-15,2025-08-16,0.1667,1.0,2025-08-15 01:00:00
7,BHT Issue Request View. Aftre Open Requested Document Patent Details(BHT Details) Need to show,BHT Issue Request View. Aftre Open Requested Document Patent Details(BHT Details) Need to show,https://github.com/hmislk/hmis/issues/14571,8,2025-08-16,2025-08-18,0.1667,1.33,2025-08-16 01:19:48
8,BHT Issue Request View. Requeted Dcument table Pateint Name & Room No Columns Required,BHT Issue Request View. Requeted Dcument table Pateint Name & Room No Columns Required,https://github.com/hmislk/hmis/issues/14572,4,2025-08-18,2025-08-18,0.1667,0.67,2025-08-18 00:40:12
9,BHT Request need to Substitute & Change Qty & issue(not More than Requested),BHT Request need to Substitute & Change Qty & issue(not More than Requested),https://github.com/hmislk/hmis/issues/14573,16,2025-08-18,2025-08-21,0.1667,2.67,2025-08-18 02:40:12
10,Batch Number in GRN Print,Batch Number in GRN Print,https://github.com/hmislk/hmis/issues/14575,4,2025-08-21,2025-08-21,0.125,0.5,2025-08-21 00:30:00
11,Bills cannot be settled using multiple payments,"pharmacy sale Bills cannot be settled using multiple payments.(cash, credit card) - Both Print Need to get in Single Print Button. Both Bills Missing The Token No. No Need Bill total in Phamacy Copy.",https://github.com/hmislk/hmis/issues/14576,20,2025-08-21,2025-08-25,0.125,2.5,2025-08-21 02:30:00
12,Can recive More than PO Authrized Qty. It Should be restricted,Can recive More than PO Authrized Qty. It Should be restricted,https://github.com/hmislk/hmis/issues/14577,8,2025-08-25,2025-08-26,0.1667,1.33,2025-08-25 01:19:48
13,Can't Return more than purchased,Can't Return more than purchased(Direct purchase & GRN). Validation Required.,https://github.com/hmislk/hmis/issues/14578,10,2025-08-26,2025-08-27,0.1667,1.67,2025-08-26 01:40:12
14,Cancel Bill No Different,Original & duplicate bill no is different in cancel bill print (Salle for Cashier),https://github.com/hmislk/hmis/issues/14579,6,2025-08-27,2025-08-28,0.125,0.75,2025-08-27 00:45:00
15,Cancel Bill Print,Can't get the original cancel bill print in Pharmacy Sale (Duplicate can get ) - Still can't add before approve the PO,https://github.com/hmislk/hmis/issues/14580,8,2025-08-28,2025-08-29,0.125,1.0,2025-08-28 01:00:00
16,Comment For IP Pharmacy Request,Comment For IP Pharmacy Request,https://github.com/hmislk/hmis/issues/14581,4,2025-08-29,2025-08-29,0.2,0.8,2025-08-29 00:48:00
17,Comment Is Required For Disbursment Receive,Comment Is Required For Disbursment Receive,https://github.com/hmislk/hmis/issues/14582,4,2025-08-29,2025-08-30,0.2,0.8,2025-08-29 00:48:00
18,Cost of Sales Report Changes request by Account Department,Cost of Sales Report Changes request by Account Department,https://github.com/hmislk/hmis/issues/14583,12,2025-08-30,2025-09-01,0.125,1.5,2025-08-30 01:30:00
19,Create paper type for with price & without price,Create paper type for with price & without price,https://github.com/hmislk/hmis/issues/14584,6,2025-09-01,2025-09-02,0.125,0.75,2025-09-01 00:45:00
20,Date of birth calculation in pharmacy retail sale is wrong when the age is given,Date of birth calculation in pharmacy retail sale is wrong when the age is given,https://github.com/hmislk/hmis/issues/14585,4,2025-09-02,2025-09-02,0.1667,0.67,2025-09-02 00:40:12
21,Delete Buttons for each row in GRN Returns,Delete Buttons for each row in GRN Returns,https://github.com/hmislk/hmis/issues/14586,6,2025-09-02,2025-09-03,0.25,1.5,2025-09-02 01:30:00
22,"Department Issue (Disposal), Issuing Department Automcomplete Show unnessary Departemts(I think Collection Centers)","Department Issue (Disposal), Issuing Department Automcomplete Show unnessary Departemts(I think Collection Centers)",https://github.com/hmislk/hmis/issues/14587,6,2025-09-03,2025-09-04,0.1667,1.0,2025-09-03 01:00:00
23,"Department Issue (Disposal), Print Not show","Department Issue (Disposal), Print Not show",https://github.com/hmislk/hmis/issues/14588,8,2025-09-04,2025-09-05,0.125,1.0,2025-09-04 01:00:00
24,Direct Purchase Last Purchase Rate not Get automatically,Direct Purchase Last Purchase Rate not Get automatically,https://github.com/hmislk/hmis/issues/14589,10,2025-09-05,2025-09-06,0.1667,1.67,2025-09-05 01:40:12
25,Disable GRN Item Purchase Rate Edit,Disable GRN Item Purchase Rate Edit,https://github.com/hmislk/hmis/issues/14590,4,2025-09-06,2025-09-08,0.25,1.0,2025-09-06 01:00:00
26,Discharge Medicine,Discharge Medicine bill without Apply Price matrix in Separate Place,https://github.com/hmislk/hmis/issues/14591,16,2025-09-08,2025-09-11,0.1667,2.67,2025-09-08 02:40:12
27,"Discount For ""Above 1000 Sale 5% Above 1000 Sale 5%""","Discount For ""Above 1000 Sale 5% Above 1000 Sale 5%"" - Calculates for the total amount without considering discount allowed item values only",https://github.com/hmislk/hmis/issues/14592,12,2025-09-11,2025-09-12,0.1667,2.0,2025-09-11 02:00:00
28,Discount for Amount Range,"Discount for Amount Range - Ex - Discount Over 5000 5% (Discount allowed If Discount Allowed Items Total Grater Than 5000 and Less than 1000), Discount Over 10000 10% (Discount allowed If Discount Allowed Items Total Grater Than 10000)",https://github.com/hmislk/hmis/issues/14593,16,2025-09-12,2025-09-16,0.1667,2.67,2025-09-12 02:40:12
29,"Disposal -> Issue, View Lables Need To Change","Disposal -> Issue, View Lables Need To Change( Change as Disposal Or Consumption )",https://github.com/hmislk/hmis/issues/14594,2,2025-09-16,2025-09-16,0.1667,0.33,2025-09-16 00:19:48
30,Disposal issue bill value,Direct Issue bill Value should not be calculated by sale rate.(bill value should be calculated using purchase rate),https://github.com/hmislk/hmis/issues/14595,8,2025-09-16,2025-09-17,0.1667,1.33,2025-09-16 01:19:48
31,Don't Show any item value for Nursing Staff,"Don't Show any item value for Nursing Staff (Nursing work bench, Transfers(Request, Issue, Receive) , IP Drug Dirct Issue, IP Drug Request for BHT from Pharmacy, Return to Pharmacy form BHT",https://github.com/hmislk/hmis/issues/14596,12,2025-09-17,2025-09-18,0.25,3.0,2025-09-17 03:00:00
32,Edit for cashier bill Should be Restrict,Edit for cashier bill Should be Restrict,https://github.com/hmislk/hmis/issues/14597,6,2025-09-18,2025-09-19,0.1667,1.0,2025-09-18 01:00:00
33,Every Staff Autocomplete in This Module Need to Show Staff No also(Nee to Show Staff Code in Separatee Coolum),Every Staff Autocomplete in This Module Need to Show Staff No also(Nee to Show Staff Code in Separatee Coolum),https://github.com/hmislk/hmis/issues/14598,10,2025-09-19,2025-09-22,0.1667,1.67,2025-09-19 01:40:12
34,Expiry Items can Be Recive. It Should Be Restrict,Expiry Items can Be Recive. It Should Be Restrict,https://github.com/hmislk/hmis/issues/14599,8,2025-09-22,2025-09-23,0.1667,1.33,2025-09-22 01:19:48
35,Expiry items can Issue(Disposal). It should Be Restricted,Expiry items can Issue(Disposal). It should Be Restricted,https://github.com/hmislk/hmis/issues/14600,8,2025-09-23,2025-09-24,0.1667,1.33,2025-09-23 01:19:48
36,FES,Free qty return option at 0 value,https://github.com/hmislk/hmis/issues/14602,6,2025-09-24,2025-09-25,0.1667,1.0,2025-09-24 01:00:00
37,FRS,"PO e mail facility. Settlement detail statement for suppliers. | Ability to have different pricing structures for different departments | Item movement history | Dealer payable age analysis | If there is any captured drug allergy in the EMR (If the prescription contain a drug allergic to the patient system should give a warning) | The system should list all available drugs of the generic name in 1st in latest expiry date. (1st item of the list should be the item with the shortest expiry date) | The pharmacist should be able to add, update, and modify drug details. | The system should however allow the users to re-print these labels if required, and allow the users to determine the number required for the reprint, although this should again be defaulted to one. | The system should by default print only one label per prescribed drug. | There must be facility to enable label printing. | If there have been medication orders earlier for the same inpatient, then medications issued to the patient must be checked for inclusion of these drugs and warnings issued where appropriate. | The system always displays the generic with the brand name. | If a particular brand is not available in the stock, the system should display the available same brand names of the drug. Substitutes | The system should enable users to enter all medications into the system from the same screen. | Provision for recording physical stock check figures and generating variance reports and automatic adjustments. | Pharmacy system also allows accepting donated, free or discounted goods at cost determined by the management or at standard cost. | Stock balance will be updated immediately on confirmation of transaction Facilitates procurement of stocks based on re-order levels Expired item tracking",https://github.com/hmislk/hmis/issues/14603,120,2025-09-25,2025-10-20,0.125,15.0,2025-09-25 15:00:00
38,Fill All Return Qtys in For Cashier Sale & Direct Sale Return view,Fill All Return Qtys in For Cashier Sale & Direct Sale Return view,https://github.com/hmislk/hmis/issues/14604,8,2025-10-20,2025-10-21,0.1667,1.33,2025-10-20 01:19:48
39,For Phamacy BHT Issue View Patent Need to Search using Patent Barcode,For Phamacy BHT Issue View Patent Need to Search using Patent Barcode,https://github.com/hmislk/hmis/issues/14605,8,2025-10-21,2025-10-22,0.1667,1.33,2025-10-21 01:19:48
40,Free Item Receive From Diffrant Item,"Free Item Receive From Diffrant Item(GRN Item - Tooth Brush, Free Item - Tooth Paste)",https://github.com/hmislk/hmis/issues/14606,12,2025-10-22,2025-10-23,0.25,3.0,2025-10-22 03:00:00
41,Free Qty Return Qty Input Text With validation,Free Qty Return Qty Input Text With validation,https://github.com/hmislk/hmis/issues/14607,6,2025-10-23,2025-10-24,0.1667,1.0,2025-10-23 01:00:00
42,"GRN / Direct Purchase - Need Line Item Discounts (also for Stores, Lab)","GRN / Direct Purchase - Need Line Item Discounts (also for Stores, Lab)",https://github.com/hmislk/hmis/issues/14608,16,2025-10-24,2025-10-27,0.25,4.0,2025-10-24 04:00:00
43,GRN Preview Not working. (Data not loading),GRN Preview Not working. (Data not loading),https://github.com/hmislk/hmis/issues/14609,8,2025-10-27,2025-10-28,0.25,2.0,2025-10-27 02:00:00
44,GRN Retuen Issue. More than GRN QTY Return Time Issue,GRN Retuen Issue. More than GRN QTY Return Time Issue,https://github.com/hmislk/hmis/issues/14610,10,2025-10-28,2025-10-29,0.1667,1.67,2025-10-28 01:40:12
45,"GRN also needs Approval. Only during the approval, the stocks are increased","GRN also needs Approval. Only during the approval, the stocks are increased",https://github.com/hmislk/hmis/issues/14611,20,2025-10-29,2025-11-03,0.25,5.0,2025-10-29 05:00:00
46,GRN return should have the payment method details of the corresponding GRN,GRN return should have the payment method details of the corresponding GRN,https://github.com/hmislk/hmis/issues/14612,8,2025-11-03,2025-11-04,0.25,2.0,2025-11-03 02:00:00
47,History Not Working in Pharmacy PO,History Not Working in Pharmacy PO,https://github.com/hmislk/hmis/issues/14613,8,2025-11-04,2025-11-05,0.1667,1.33,2025-11-04 01:19:48
48,"History Tabs in (PO,Direct Purchase, Transfers) Need to Provide History Tabs in Altrumo system","History Tabs in (PO, Direct Purchase, Transfers) Need to Provide History Tabs in Altrumo system",https://github.com/hmislk/hmis/issues/14614,16,2025-11-05,2025-11-06,0.1667,2.67,2025-11-05 02:40:12
49,How search Saved Consumptions(DIsposal) Return Bills,How search Saved Consumptions(DIsposal) Return Bills - Not Fill Qty Still Qty Zero,https://github.com/hmislk/hmis/issues/14615,8,2025-11-06,2025-11-07,0.1667,1.33,2025-11-06 01:19:48
50,IP Phamacy Drug Request using Directions,Form Nursing stations they need to order IP Drugs for patients using Directions,https://github.com/hmislk/hmis/issues/14616,20,2025-11-07,2025-11-11,0.1667,3.33,2025-11-07 03:19:48
51,"In GRN, the payment method, and credit period are not copied from PO","In GRN, the payment method, and credit period are not copied from PO",https://github.com/hmislk/hmis/issues/14617,8,2025-11-11,2025-11-12,0.25,2.0,2025-11-11 02:00:00
52,"In Manage AMPs, No of days to mark as Short Expiary property is not working","In Manage AMPs, No of days to mark as Short Expiry property is not working. I change it but short expiry not change.",https://github.com/hmislk/hmis/issues/14618,8,2025-11-12,2025-11-13,0.1667,1.33,2025-11-12 01:19:48
53,Issue return number,The returned issue number should be shown in front of the original issue bill number in the consumption report (2). (Similar to the cancellation bill.),https://github.com/hmislk/hmis/issues/14619,6,2025-11-13,2025-11-14,0.125,0.75,2025-11-13 00:45:00
54,Item Delete Option in GRN return,Item Delete Option in GRN return,https://github.com/hmislk/hmis/issues/14620,4,2025-11-14,2025-11-14,0.25,1.0,2025-11-14 01:00:00
55,Item Delete Option in Issuing return(Consumption Return),Item Delete Option in Issuing return(Consumption Return),https://github.com/hmislk/hmis/issues/14621,4,2025-11-14,2025-11-15,0.25,1.0,2025-11-14 01:00:00
56,Mark GRN As a consignment,Mark GRN As a consignment. Check Box Only required. For report purpose need a fillter to check consignment GRNs.,https://github.com/hmislk/hmis/issues/14622,6,2025-11-15,2025-11-15,0.125,0.75,2025-11-15 00:45:00
57,Membership Schemes Apply For Bill,Membership Schemes Apply For Bill,https://github.com/hmislk/hmis/issues/14623,16,2025-11-15,2025-11-18,0.1667,2.67,2025-11-15 02:40:12
58,Multi Mode Payment modes same as the OPD,Multi Mode Payment modes same as the OPD,https://github.com/hmislk/hmis/issues/14624,16,2025-11-18,2025-11-19,0.2,3.2,2025-11-18 03:12:00
59,Navigation Button Back to PO List Required in GRN Receive View,Navigation Button Back to PO List Required in GRN Receive View,https://github.com/hmislk/hmis/issues/14625,2,2025-11-19,2025-11-19,0.25,0.5,2025-11-19 00:30:00
60,Navigation back button form PO Approve to PO List,Navigation back button form PO Approve to PO List,https://github.com/hmislk/hmis/issues/14627,2,2025-11-19,2025-11-20,0.1667,0.33,2025-11-19 00:19:48
61,"Need Date Range for Pharmacy Retail Transaction, Add To Stock","Need Date Range for Pharmacy Retail Transaction, Add To Stock",https://github.com/hmislk/hmis/issues/14628,6,2025-11-20,2025-11-20,0.1667,1.0,2025-11-20 01:00:00
62,Need Purchase with UOMs,In Pharmacy & Store Purchasing (GRN & Direct Purchase) Need to Purchase using UOMs,https://github.com/hmislk/hmis/issues/14629,24,2025-11-20,2025-11-25,0.25,6.0,2025-11-20 06:00:00
63,Need To Add or Remove Items Before Approve PO,Need To Add or Remove Items Before Approve PO,https://github.com/hmislk/hmis/issues/14630,12,2025-11-25,2025-11-26,0.1667,2.0,2025-11-25 02:00:00
64,Need Total with expenses for POs,Need Total with expenses for POs,https://github.com/hmislk/hmis/issues/14631,8,2025-11-26,2025-11-27,0.1667,1.33,2025-11-26 01:19:48
65,"Need check boxes for Pharmacy Retail Transaction, Add To Stock","Need check boxes for Pharmacy Retail Transaction, Add To Stock",https://github.com/hmislk/hmis/issues/14632,4,2025-11-27,2025-11-27,0.1667,0.67,2025-11-27 00:40:12
66,"Need room number, name need for BHT issue","Need room number, name need for BHT issue",https://github.com/hmislk/hmis/issues/14633,6,2025-11-27,2025-11-28,0.1667,1.0,2025-11-27 01:00:00
67,Need save button for BHT ISSUE REQUEST FOR,Need save button for BHT ISSUE REQUEST FOR,https://github.com/hmislk/hmis/issues/14634,4,2025-11-28,2025-11-28,0.1667,0.67,2025-11-28 00:40:12
68,Need to Add Expenses For GRN & Direct Purchase,Need to Add Expenses For GRN & Direct Purchase,https://github.com/hmislk/hmis/issues/14635,16,2025-11-28,2025-12-02,0.25,4.0,2025-11-28 04:00:00
69,Need to Disable Issue Button After Fully Issued in Transfer Issue,Need to Disable Issue Button After Fully Issued in Transfer Issue,https://github.com/hmislk/hmis/issues/14636,4,2025-12-02,2025-12-02,0.1667,0.67,2025-12-02 00:40:12
70,Need to Disable Issue Button Aftre Fully Issued in Transfer Issue,Need to Disable Issue Button Aftre Fully Issued in Transfer Issue,https://github.com/hmislk/hmis/issues/14637,4,2025-12-02,2025-12-03,0.1667,0.67,2025-12-02 00:40:12
71,Need to Disable Receive Button After Fully Received in Transfer Receive,Need to Disable Receive Button After Fully Received in Transfer Receive,https://github.com/hmislk/hmis/issues/14638,4,2025-12-03,2025-12-03,0.1667,0.67,2025-12-03 00:40:12
72,Need to Disable Receive Button Aftre Fully Recived in Transfer Receive,Need to Disable Receive Button Aftre Fully Recived in Transfer Receive,https://github.com/hmislk/hmis/issues/14639,4,2025-12-03,2025-12-04,0.1667,0.67,2025-12-03 00:40:12
73,Need to Freeze transactions after Discharge,"Need to Freeze transactions after Discharge. Restrict All transactions (order Service, cancel/return services, drug issue, drug return, etc...)",https://github.com/hmislk/hmis/issues/14640,20,2025-12-04,2025-12-06,0.2,4.0,2025-12-04 04:00:00
74,Need to Mark Complete Transactions before Discharge,"Need to Mark Complete Transactions (Drug Orders, Returns, Service orders, Surgery related orders,etc...) before Discharge",https://github.com/hmislk/hmis/issues/14641,16,2025-12-06,2025-12-09,0.25,4.0,2025-12-06 04:00:00
75,"Need to PO, GRN, and Transfer all to support pack sizes","Need to PO, GRN, and Transfer all to support pack sizes",https://github.com/hmislk/hmis/issues/14642,24,2025-12-09,2025-12-12,0.25,6.0,2025-12-09 06:00:00
76,Need to Search PO/GRN By Item,Need to Search PO/GRN By Item,https://github.com/hmislk/hmis/issues/14643,8,2025-12-12,2025-12-13,0.25,2.0,2025-12-12 02:00:00
77,Need to edit the Disbursement request before receiving it,Need to edit the Disbursement request before receiving it,https://github.com/hmislk/hmis/issues/14644,12,2025-12-13,2025-12-16,0.1667,2.0,2025-12-13 02:00:00
78,"Need to manage Save Document, Send For Approval & Approve Status","Need to manage Save Document, Send For Approval & Approve Status. (Purchase, GRN, GRN returns, GRN Cancelations, Consumptions(Unit Issue),Consumption Return, Transfer Request, Transfer Issue, Transfer Receive, Adjustments)",https://github.com/hmislk/hmis/issues/14645,32,2025-12-16,2025-12-23,0.1667,5.33,2025-12-16 05:19:48
79,Need to manage UOM,Need to manage UOM( Unit of Measurement) in the system for purchasing Purpose,https://github.com/hmislk/hmis/issues/14646,20,2025-12-23,2025-12-27,0.1667,3.33,2025-12-23 03:19:48
80,Need to search from MRN in Start Pharmacy Request for Inpatients,Need to search from MRN in Start Pharmacy Request for Inpatients,https://github.com/hmislk/hmis/issues/14647,8,2025-12-27,2026-01-01,0.1667,1.33,2025-12-27 01:19:48
81,Need to see Last Credit Company Selected For Last Credit Company bill (in Patient Details). When Patient came for New visit,Need to see Last Credit Company Selected For Last Credit Company bill (in Patient Details). When Patient came for New visit,https://github.com/hmislk/hmis/issues/14648,10,2026-01-01,2026-01-02,0.1667,1.67,2026-01-01 01:40:12
82,Need token numbers for Pharmacy Retail,Need token numbers for Pharmacy Retail,https://github.com/hmislk/hmis/issues/14649,8,2026-01-02,2026-01-03,0.1667,1.33,2026-01-02 01:19:48
83,Need validation for if BHT issue was 0 or more than qty,Need validation for if BHT issue was 0 or more than qty,https://github.com/hmislk/hmis/issues/14650,6,2026-01-03,2026-01-06,0.1667,1.0,2026-01-03 01:00:00
84,OP Billing Bio Graphical Data need to add mandatory filed selection Backend,OP Billing Bio Graphical Data need to add mandatory filed selection Backend,https://github.com/hmislk/hmis/issues/14651,8,2026-01-06,2026-01-07,0.1667,1.33,2026-01-06 01:19:48
85,OPD Sale Item search Autocomplete Item total Stock Column required,OPD Sale Item search Autocomplete Item total Stock Column required,https://github.com/hmislk/hmis/issues/14652,4,2026-01-07,2026-01-07,0.1667,0.67,2026-01-07 00:40:12
86,PO E-Mail (Pending / Approved),PO E-Mail (Pending / Approved),https://github.com/hmislk/hmis/issues/14653,12,2026-01-07,2026-01-08,0.1667,2.0,2026-01-07 02:00:00
87,PO Remain to receive Items(Pending Items) Need Pre Close & Create New PO Option,PO Remain to receive Items(Pending Items) Need Pre Close & Create New PO Option,https://github.com/hmislk/hmis/issues/14654,16,2026-01-08,2026-01-09,0.1667,2.67,2026-01-08 02:40:12
88,PO Remain to receive Items(Pending Items) Need Pre Close Option,PO Remain to receive Items(Pending Items) Need Pre Close Option,https://github.com/hmislk/hmis/issues/14655,12,2026-01-09,2026-01-10,0.1667,2.0,2026-01-09 02:00:00
89,Pack size purchase rate should be corrected in the Closing Stock Report,Pack size purchase rate should be corrected in the Closing Stock Report. Please check the attached screen-print.(direct purchase and closing stock report),https://github.com/hmislk/hmis/issues/14656,10,2026-01-10,2026-01-13,0.125,1.25,2026-01-10 01:15:00
90,Paper Type change option,Don't give to privilege to change Paper Type at the time of pharmacy sale bill print,https://github.com/hmislk/hmis/issues/14657,4,2026-01-13,2026-01-13,0.125,0.5,2026-01-13 00:30:00
91,Patient Need to Search using Patent Barcode,Patient Need to Search using Patent Barcode,https://github.com/hmislk/hmis/issues/14658,8,2026-01-13,2026-01-14,0.1667,1.33,2026-01-13 01:19:48
92,Pharmacy Add to Stock,Add to stock function not working,https://github.com/hmislk/hmis/issues/14659,12,2026-01-14,2026-01-15,0.1667,2.0,2026-01-14 02:00:00
93,Pharmacy Transfer Issue View. Requested Item Available Qty Need to show in separate Column,Pharmacy Transfer Issue View. Requested Item Available Qty Need to show in separate Column,https://github.com/hmislk/hmis/issues/14660,6,2026-01-15,2026-01-16,0.1667,1.0,2026-01-15 01:00:00
94,Pharmacy Transfer Request View. Requested Item Available Qty Need to show in separate Column,Pharmacy Transfer Request View. Requested Item Available Qty Need to show in separate Column,https://github.com/hmislk/hmis/issues/14661,6,2026-01-16,2026-01-16,0.1667,1.0,2026-01-16 01:00:00
95,Purchase Order Screen & Direct Purchase screen show Unnessary Payment Methords. Only Required Cash & Credit,Purchase Order Screen & Direct Purchase screen show Unnessary Payment Methods. Only Required Cash & Credit,https://github.com/hmislk/hmis/issues/14662,4,2026-01-16,2026-01-17,0.1667,0.67,2026-01-16 00:40:12
96,QTy grater than Cuurent Stock can return. It Should be Restricted,QTy grater than Cuurent Stock can return. It Should be Restricted,https://github.com/hmislk/hmis/issues/14663,8,2026-01-17,2026-01-17,0.1667,1.33,2026-01-17 01:19:48
97,QTy grater than Cuurent Stock can return. Stock Also Deducted. Not show For return,QTy grater than Cuurent Stock can return. Stock Also Deducted. Not show For return - As per the meeting Discussion. When for cashier time it will deduct form the stock. before accept cash,https://github.com/hmislk/hmis/issues/14664,10,2026-01-17,2026-01-20,0.1667,1.67,2026-01-17 01:40:12
98,"QTy grater than Cuurent Stock can return. aftre Done the return, Non Retun Items also call in to the Print. Qtys are Zero","QTy grater than Cuurent Stock can return. aftre Done the return, Non Retun Items also call in to the Print. Qtys are Zero",https://github.com/hmislk/hmis/issues/14665,8,2026-01-20,2026-01-21,0.125,1.0,2026-01-20 01:00:00
99,Que No Need to add Top Of the Bill,Que No Need to add Top Of the Bill,https://github.com/hmislk/hmis/issues/14666,2,2026-01-21,2026-01-21,0.1667,0.33,2026-01-21 00:19:48
100,"Receive Button Disable Fully Received Docs.(GRN, Transfer Receive)","Receive Button Disable Fully Received Docs.(GRN, Transfer Receive)",https://github.com/hmislk/hmis/issues/14667,6,2026-01-21,2026-01-22,0.25,1.5,2026-01-21 01:30:00
101,Remove Refund Cancellation in For Cashier Drugs,Remove Refund Cancellation in For Cashier Drugs,https://github.com/hmislk/hmis/issues/14668,6,2026-01-22,2026-01-22,0.2,1.2,2026-01-22 01:12:00
102,Remove values from printing,"Remove values from printing (for Nursing Staff IP Billing, IP Request, Stock Request, Consumptions, other stock transactions)",https://github.com/hmislk/hmis/issues/14669,8,2026-01-22,2026-01-23,0.125,1.0,2026-01-22 01:00:00
103,Request medicine from Pharmacy Print,Request medicine from Pharmacy Print,https://github.com/hmislk/hmis/issues/14670,6,2026-01-23,2026-01-24,0.125,0.75,2026-01-23 00:45:00
104,Request medicine from Pharmacy View Save Button,"Request medicine from Pharmacy View Save Button. Need to Save Current Dcument. Then need to edit tht document(Add Drugs, Romve added Drugs, Edit added item Qtys). Aftre Approved Or Finalized only show to issue Phrmacy side",https://github.com/hmislk/hmis/issues/14671,16,2026-01-24,2026-01-27,0.1667,2.67,2026-01-24 02:40:12
105,Restrict Select Same Department in Transfer Request Department Selection Time,Restrict Select Same Department in Transfer Request Department Selection Time,https://github.com/hmislk/hmis/issues/14672,4,2026-01-27,2026-01-27,0.1667,0.67,2026-01-27 00:40:12
106,Return Against Pharmacy Drug request (IP Drug Issue),Return Against Pharmacy Drug request (IP Drug Issue),https://github.com/hmislk/hmis/issues/14673,16,2026-01-27,2026-01-28,0.25,4.0,2026-01-27 04:00:00
107,Return Bill Print,Original & duplicate bill no is different in return bill print (Pharmacy Sale),https://github.com/hmislk/hmis/issues/14674,6,2026-01-28,2026-01-29,0.125,0.75,2026-01-28 00:45:00
108,"Return Process (GRN Return & purchase Return) required Save, Send for Approval & Approve Process","Return Process (GRN Return & purchase Return) required Save, Send for Approval & Approve Process",https://github.com/hmislk/hmis/issues/14675,20,2026-01-29,2026-02-03,0.25,5.0,2026-01-29 05:00:00
109,Return Process for Request medicine from Pharmacy,Return Process for Request medicine from Pharmacy,https://github.com/hmislk/hmis/issues/14676,16,2026-02-03,2026-02-04,0.25,4.0,2026-02-03 04:00:00
110,Return Process for Request medicine from Pharmacy,Return Process for Request medicine from Pharmacy,https://github.com/hmislk/hmis/issues/14677,16,2026-02-04,2026-02-05,0.25,4.0,2026-02-04 04:00:00
111,Return Reason Required In GRN Return & purchase Return,Return Reason Required In GRN Return & purchase Return,https://github.com/hmislk/hmis/issues/14678,6,2026-02-05,2026-02-06,0.25,1.5,2026-02-05 01:30:00
112,Sale & For Cashier Billing View Need to Fit One Frame,Sale & For Cashier Billing View Need to Fit One Frame. Scrolling Page is difficult to User. Zoom Out page is not a solution for this because some components not visible after Zoom Out,https://github.com/hmislk/hmis/issues/14679,12,2026-02-06,2026-02-09,0.1667,2.0,2026-02-06 02:00:00
113,Sale Mandatory Fileds,"Sale Mandatory Fileds - Name, Phone, Referanig Doc, Gender(Gender Auto Select When select title)",https://github.com/hmislk/hmis/issues/14680,8,2026-02-09,2026-02-10,0.1667,1.33,2026-02-09 01:19:48
114,Sale time sale using 2 batches in One time,Items bill using Item Qty Not Batch Qty. bill using multiple batches,https://github.com/hmislk/hmis/issues/14681,12,2026-02-10,2026-02-11,0.1667,2.0,2026-02-10 02:00:00
115,Save Button Required in GRN Receive View,Save Button Required in GRN Receive View,https://github.com/hmislk/hmis/issues/14682,4,2026-02-11,2026-02-11,0.25,1.0,2026-02-11 01:00:00
116,Seperate View For Ward User Consmption,Seperate View For Ward User Consmption. This view No Need to select consumption departmet. By default consumption for login department,https://github.com/hmislk/hmis/issues/14683,12,2026-02-11,2026-02-12,0.1667,2.0,2026-02-11 02:00:00
117,Short Expiry Yellow Color & Expiry Red Color Expiry items restrict to bill,Short Expiry Yellow Color & Expiry Red Color Expiry items restrict to bill,https://github.com/hmislk/hmis/issues/14684,8,2026-02-12,2026-02-13,0.1667,1.33,2026-02-12 01:19:48
118,"Special privileges to edit, delete","Special privileges to edit, delete",https://github.com/hmislk/hmis/issues/14685,16,2026-02-13,2026-02-17,0.1667,2.67,2026-02-13 02:40:12
119,Stock Issu,"We requested quantity is 4 but stock had 3, after issued bill amount is ""0"". We need see it error msg before issued",https://github.com/hmislk/hmis/issues/14686,8,2026-02-17,2026-02-18,0.1667,1.33,2026-02-17 01:19:48
120,Stock Issu bill format,We need to see stock request person name to approvel (Pharmacy),https://github.com/hmislk/hmis/issues/14687,4,2026-02-18,2026-02-18,0.1667,0.67,2026-02-18 00:40:12
121,Stock Reduction Point Need to identfy,Stock Reduction Point Need to identify,https://github.com/hmislk/hmis/issues/14688,8,2026-02-18,2026-02-19,0.1667,1.33,2026-02-18 01:19:48
122,Stock Taking Time Stock Sheet Download and Upload. After Upload Need to Get Variances Of Stock,Stock Taking Time Stock Sheet Download and Upload. After Upload Need to Get Variances Of Stock,https://github.com/hmislk/hmis/issues/14689,24,2026-02-19,2026-02-24,0.1667,4.0,2026-02-19 04:00:00
123,Substitute For Transfer requested Items,Substitute For Transfer requested Items,https://github.com/hmislk/hmis/issues/14690,16,2026-02-24,2026-02-25,0.25,4.0,2026-02-24 04:00:00
124,Substitute For Ward User request drugs for IP patient,Substitute For Ward User request drugs for IP patient,https://github.com/hmislk/hmis/issues/14691,16,2026-02-25,2026-02-26,0.25,4.0,2026-02-25 04:00:00
125,Supplier Expiry Report,Supplier Expiry Report,https://github.com/hmislk/hmis/issues/14692,8,2026-02-26,2026-02-27,0.125,1.0,2026-02-26 01:00:00
126,Token Number Print,Need 2 Prints When Prepare the Drug bill. Frist Bill print Only Token Number for the patient(Remove Values in the Token) and second print Required for Dispenser Drug list with Qty only(Token No required top Of the print),https://github.com/hmislk/hmis/issues/14693,12,2026-02-27,2026-03-02,0.125,1.5,2026-02-27 01:30:00
127,"Transfer Issue View - ""Stock in Units"" value is wrong","Transfer Issue View - ""Stock in Units"" value is wrong",https://github.com/hmislk/hmis/issues/14694,8,2026-03-02,2026-03-03,0.1667,1.33,2026-03-02 01:19:48
128,Transfer Issue view Can't Visible,Transfer Issue view Can't Visible,https://github.com/hmislk/hmis/issues/14695,8,2026-03-03,2026-03-04,0.1667,1.33,2026-03-03 01:19:48
129,When purchasing with Packs > Sale price can be given per pack or per unit,When purchasing with Packs > Sale price can be given per pack or per unit,https://github.com/hmislk/hmis/issues/14696,12,2026-03-04,2026-03-05,0.1667,2.0,2026-03-04 02:00:00
130,"When returning GRNs. if only free quantities are available, nothing returns","When returning GRNs. if only free quantities are available, nothing returns",https://github.com/hmislk/hmis/issues/14697,10,2026-03-05,2026-03-06,0.25,2.5,2026-03-05 02:30:00
131,Zero Purchase Rate Item Return. (Free Qty),Zero Purchase Rate Item Return. (Free Qty) As per Discussion return time give 2 return Qty inputs (With Value & Zero Rate Input text boxes to input),https://github.com/hmislk/hmis/issues/14698,12,2026-03-06,2026-03-10,0.1667,2.0,2026-03-06 02:00:00
132,closing stock report,Below mention columns should be there in the batch wise closing stock report: * Purchase rate * Purchase rate value * cost rate * cost rate value *sale rate *sale rate value -- Below mention columns should be there in the item wise closing stock report: Purchase rate value * cost rate value - Direct Purcase Return no Comments,https://github.com/hmislk/hmis/issues/14699,16,2026-03-10,2026-03-11,0.125,2.0,2026-03-10 02:00:00
133,don't show item rates on the transfer request screen,don't show item rates on the transfer request screen - As per the discussion we will use Pre Close with New PO,https://github.com/hmislk/hmis/issues/14700,8,2026-03-11,2026-03-12,0.1667,1.33,2026-03-11 01:19:48
134,issue quantity calculated from pack rate,The number of items issued is calculated from the packing rate. The rate and value must be corrected,https://github.com/hmislk/hmis/issues/14701,10,2026-03-12,2026-03-13,0.1667,1.67,2026-03-12 01:40:12
135,pack wise stock quantity in the Stock Ledger,Do not add stock to the stock ledger by packaging size. All those items should be added to the stock ledger as units,https://github.com/hmislk/hmis/issues/14702,12,2026-03-13,2026-03-16,0.1667,2.0,2026-03-13 02:00:00
136,privilege basis,print Sale rate and purchase rate in the transfer note privilege basis.(don't show the rates for some users. For that need a privilege) - As per the inventory discussion expecess will not mannage using the system,https://github.com/hmislk/hmis/issues/14703,8,2026-03-16,2026-03-17,0.125,1.0,2026-03-16 01:00:00
137,sale vale in direct purchase,Sale value should be corrected in the direct purchase,https://github.com/hmislk/hmis/issues/14704,8,2026-03-17,2026-03-18,0.1667,1.33,2026-03-17 01:19:48
138,simple retail sale billing,Need privilege or remove simple retail sale rate,https://github.com/hmislk/hmis/issues/14706,6,2026-03-18,2026-03-18,0.1667,1.0,2026-03-18 01:00:00
